Index,LinkedIn Url,Company Name,Company work status,Number of followers,Number of employees,About section,Frequency of the latest post,Number of reactions got for latest post,Number of comments got for latest post,Frequency of the second latest post,Number of reactions got for second latest post,Number of comments got for second latest post
370,https://linkedin.com/company/3dmotive,3dmotive,,136 followers,3 employees,,N/A,N/A,N/A,N/A,N/A,N/A
42,https://linkedin.com/company/tokenmeister/,TokenMeister,"An independent, reliable source of education and information in the field of blockchain, cryptocurrency and ICOs.",21 followers,1 employee,,N/A,N/A,N/A,N/A,N/A,N/A
1987,https://linkedin.com/company/analytics-vidhya/,Analytics Vidhya,World's Leading & India's Largest Data Science Community,"176,426 followers",451 employees,"Analytics Vidhya is World's Leading Data Science Community & Knowledge Portal. The mission is to
create next-gen data science ecosystem!  This platform allows people to learn & advance their skills

          through various training programs, know more about data science from its articles, Q&A foru
...
see more

 ... see more","2h ‚Ä¢ 

 2h ‚Ä¢",24,,"5h ‚Ä¢ Edited ‚Ä¢ 

 5h ‚Ä¢ Edited ‚Ä¢",46,
1626,https://linkedin.com/company/9504158?trk=tyah&trkInfo=clickedVertical%3Acompany%2CclickedEntityId%3A9504158%2Cidx%3A3-2-5%2CtarId%3A1454156993942%2Ct,London App Brewery,Learn to code from beginning to end.,"10,620 followers",27 employees,"The London App Brewery makes learning to program fun and accessible. We design programming
courses that teach programming through doing. This is why we are the fastest way to learn to code and

          make native iOS and Android apps.  Through our hands on approach, students learn the stru
...
see more

 ... see more",N/A,N/A,N/A,N/A,N/A,N/A
884,https://linkedin.com/company/inner-ear-uk-ltd-,Inner Ear,We enjoy helping you bring your ideas to life. We make programmes about cultural projects to bring your audience closer.,119 followers,7 employees,"Inner Ear Ltd. is a digital media production company specialising in both the production and utilisation of
high-quality digital content. We make material for streaming, broadcast, mobile and podcast distribution.

          We produce programmes for brands, broadcasters and businesses.  We create and use new 
...
see more

 ... see more",N/A,N/A,N/A,N/A,N/A,N/A
15,https://linkedin.com//company/triumph-at-trading,N/A,N/A,N/A,N/A,N/A,N/A,N/A,N/A,N/A,N/A,N/A
2451,https://linkedin.com/company/vantage-data,Vantage Data,Vantage offers analytics as a service for clients across South Africa and Europe.,"1,002 followers",22 employees,"Vantage Data offers Data Analytics as a service. With our advanced team of data scientists, analysts,
developers and account managers we capture, cleanse and integrate data to be modelled, visualized

          and monetized. Your business will be able to drive a return on investment by making faster 
...
see more

 ... see more","2mo ‚Ä¢ 

 2mo ‚Ä¢",4,,"2mo ‚Ä¢ 

 2mo ‚Ä¢",22,2 comments
1518,https://linkedin.com/company/workingwithshopify,Working With Shopify,"Community for developers, designers, freelancers, agencies, and everyone else working with the Shopify Platform.",534 followers,1 employee,,N/A,N/A,N/A,N/A,N/A,N/A
2260,https://linkedin.com/company/mainframenation/,Mainframe Nation,Video courses about Mainframes.,198 followers,1 employee,"          Video courses about Mainframes
 ... see more",N/A,N/A,N/A,N/A,N/A,N/A
930,https://linkedin.com/company/gamedev-tv/,GameDev.tv,"Helping 700k+ people start their Game Dev journey. Learn to code video games in C#, C++, Unity, Blender, Unreal & more","4,430 followers",18 employees,"GameDev.tv an online game development school that is dedicated to teaching you how to code indie
video games via course instruction in C++, C#, Unreal, Unity, Blender.   Get 90% off your first course

          using code: LINKEDIN at https://www.GameDev.tv  Learn to make RPG's, inventory, characte
...
see more

 ... see more","1h ‚Ä¢ 

 1h ‚Ä¢",1,,"20h ‚Ä¢ 

 20h ‚Ä¢",,
988,https://linkedin.com/company/7953288,Big Data Trunk,Accelerating Innovation for Customers,"4,289 followers",12 employees,"Big Data Trunk helps customers accelerate innovation through high-quality corporate training and
consulting on cutting edge technology like Artificial Intelligence, Data Science, Big Data, Blockchain,

          Augmented, and Virtual Reality, etc.  Big Data Trunk is a proud Google Cloud Partner and de
...
see more

 ... see more","2d ‚Ä¢ 

 2d ‚Ä¢",11,,"6d ‚Ä¢ 

 6d ‚Ä¢",9,
1645,https://linkedin.com/company/borojidesign,Boroji Design Inc,"üìç8,000+ students worldwide &‚≠êÔ∏è800+ reviews",21 followers,1 employee,"          üìç8,000+ students worldwide ‚≠êÔ∏è800+ reviews
 ... see more","9mo ‚Ä¢ 

 9mo ‚Ä¢",1,,"1yr ‚Ä¢ Edited ‚Ä¢ 

 1yr ‚Ä¢ Edited ‚Ä¢",4,
285,https://linkedin.com/company/intellezy,Intellezy,- An Inc. 5000 Company,"1,722 followers",53 employees,"Intellezy is a revolutionary learning solutions company on a mission to disrupt the Learning &
Development industry. We provide a diverse range of innovative and impactful solutions that help

          forward-thinking companies train, reskill, and upskill their teams for the future of work. ¬†  Our
...
see more

 ... see more","1w ‚Ä¢ 

 1w ‚Ä¢",13,,"1w ‚Ä¢ 

 1w ‚Ä¢",5,
2075,https://linkedin.com/company/intertech,"Intertech, Inc.",Transforming the way you do business through custom software solutions,"14,379 followers",49 employees,"Intertech was named one of the Top 30 firms in Tech by Fortune Magazine and one of the Top 10
Consulting Firms in America by Consulting Magazine.  We build enterprise software for customers.   

          We‚Äôve been trusted by some of the top organizations in the world as they pivoted to new tec
...
see more

 ... see more","4h ‚Ä¢ 

 4h ‚Ä¢",,,"1d ‚Ä¢ 

 1d ‚Ä¢",,
904,https://linkedin.com/company/lazyprogrammer.me,LazyProgrammer.me,"Artificial intelligence, deep learning, machine learning, and data science training","3,261 followers",1 employee,"The Lazy Programmer spends most of his time as an artificial intelligence and machine learning engineer
with a focus on deep learning, although he has also been known as a data scientist, big data engineer,

          and full stack software engineer.  The LazyProgrammer got his start in machine learning and
...
see more

 ... see more","2w ‚Ä¢ 

 2w ‚Ä¢",1,,"1mo ‚Ä¢ 

 1mo ‚Ä¢",1,
1110,https://linkedin.com/company/maxcodes,maxcodes,Professional developer learning resources.,25 followers,,,N/A,N/A,N/A,N/A,N/A,N/A
967,https://linkedin.com/company/one-month-inc-,One Month,Learn to code in 30 days,"1,035 followers",8 employees,"One Month is an online video learning platform with a simple premise: What if you could learn anything
in One Month? Over 120,000 students have taken One Month courses to launch their side hustles, level

          up their careers, and build things they couldn‚Äôt even imagine before. Each online course incl
...
see more

 ... see more","7mo ‚Ä¢ 

 7mo ‚Ä¢",1,,"7mo ‚Ä¢ 

 7mo ‚Ä¢",1,
57,https://linkedin.com/company/packt-publishing,Packt,"Helping the world put software to work in new ways, through learning and information services to IT professionals.","109,796 followers",938 employees,"Packt's mission is to help the world put software to work through the delivery of effective learning and
information services.    As part of that mission we have published more than 7000 videos, books and

          courses on a spectrum of technologies, including Big Data, Cyber-security, AI and Machine 
...
see more

 ... see more","2w ‚Ä¢ 

 2w ‚Ä¢",38,1 comment,Packt reposted this,61,2 comments
16,https://linkedin.com/company/schott-music-gmbh-&-co-kg,Schott Music Group,Leading music publisher since 1770,736 followers,94 employees,"Founded by Bernhard Schott in Mainz in 1770, Schott Music became home to world-famous composers
such as Beethoven and Wagner who entrusted their works to Schott; today we publish masterpieces by

          composers such as Hindemith, Orff, Tippett, Stravinsky, Ligeti, Penderecki, Takemitsu, Henz
...
see more

 ... see more",Schott Music Group reposted this,19,,Schott Music Group reposted this,16,
1356,https://linkedin.com/company/stadsolution,STAD Solution,Join STAD Solution And Be Sure About The Future,"3,308 followers",171 employees,"STAD Solution is a IT Development and Recruitment Company. It also provides Training, Placement and
Development services which consist of highly motivated and competent Trainer & professionals, who

          are committed to providing Good knowledge & Professional IT Development Services in Indi
...
see more

 ... see more","1d ‚Ä¢ 

 1d ‚Ä¢",2,,"2d ‚Ä¢ 

 2d ‚Ä¢",6,
2953,https://linkedin.com/company/statinfer/,Statinfer Software Solutions LLP,"Data Science, Machine Learning and Deep Learning Training and R&D",194 followers,8 employees,"Statinfer derived from ‚ÄúStatistical Inference‚Äù is a company that focuses on data science training and
applied R&D.   Statinfer was started by two data scientists with over a decade of experience in Analytics

          & Data Science.  We offer training on R, Python, Machine Learning, Deep Learning and Tens
...
see more

 ... see more",N/A,N/A,N/A,N/A,N/A,N/A
46,https://linkedin.com/https://www.linkedin.com/company/music-coach?trk=nav_account_sub_nav_company_admin,N/A,N/A,N/A,N/A,N/A,N/A,N/A,N/A,N/A,N/A,N/A
1048,https://linkedin.com/company/uplatz/,Uplatz,"Uplatz is a global Consulting, Analytics, IT Training & Resourcing firm with expertise in Digital Transformation & Data.","2,386 followers",6 employees,"Uplatz is a truly global organization with leading capabilities in AI Consulting, Data Analytics, Digital
Transformation, Technology Training. Uplatz operates business in below areas: 1) Consulting & Analytics

          2) Cloud & Technology 3) Digital Transformation 4) IT Resourcing & Training  Uplatz Training
...
see more

 ... see more","1d ‚Ä¢ 

 1d ‚Ä¢",,,"2d ‚Ä¢ 

 2d ‚Ä¢",,
974,https://linkedin.com/company/sqlnethub,SQLNetHub,"Level-up your technical skills via our tech videos, articles and eBooks.",105 followers,,"SQLNetHub offers high quality eLearning resources, such as: online courses, articles, and eBooks, that
help you level-up your technical skills on a variety of tech topics such as: SQL Server, Azure, .NET, Data

          Access, Python, MySQL and more.
 ... see more","2d ‚Ä¢ 

 2d ‚Ä¢",,,"1mo ‚Ä¢ 

 1mo ‚Ä¢",1,
1043,https://linkedin.com/company/salesforce-code-school/,Salesforce Code School,Salesforce Code School committed to make you the expert in Salesforce,"2,611 followers",,"The Vision of Salesforce Code School to provide excellent training  to each individual and make them
excel in salesforce. The Salesforce Code School have various online and live training starting from

          Salesforce Admin, Advance Admin, Salesforce Apex Programming, Lightning Aura Compone
...
see more

 ... see more","4d ‚Ä¢ 

 4d ‚Ä¢",6,,"1w ‚Ä¢ 

 1w ‚Ä¢",2,
1185,https://linkedin.com/company/ckmobi/,Ckmobile,Major focus on JavaScript tutorials for beginners and also different JavaScript framework tutorials.,567 followers,,"Complete Progress Web App BootCamp

          https://www.udemy.com/course/complete-progressive-web-app-bootcamp/?referralCode=E
...
see more

 ... see more",N/A,N/A,N/A,N/A,N/A,N/A
2116,https://linkedin.com/company/learnsector,Learnsector,Designing an¬†Experience,111 followers,4 employees,"We are a team of young folks starting up to work our way towards disrupting the world of Content

          leveraging Artificial Intelligence.
 ... see more",N/A,N/A,N/A,N/A,N/A,N/A
807,https://linkedin.com/https://www.linkedin.com/company/5197686?trk=tyah&trkInfo=clickedVertical%3Acompany%2CclickedEntityId%3A5197686%2Cidx%3A2-1-6%2C,N/A,N/A,N/A,N/A,N/A,N/A,N/A,N/A,N/A,N/A,N/A
975,https://linkedin.com/company/start-tech-academy,Start-Tech Academy,"Technology-based Analytics Education Company with over 1,000,000 students from 170+ countries.","2,837 followers",35 employees,"Start-Tech Academy is a technology-based Analytics Education Company and aims at Bringing Together
the analytics companies and interested Learners.¬†Our top quality training content along with internships

          and project opportunities helps students in launching their Analytics journey.¬†  Founded by A
...
see more

 ... see more",N/A,N/A,N/A,N/A,N/A,N/A
10,https://linkedin.com/company/starweaver,Starweaver,Live streaming platform for fintech education | Supercharging education for serious organizations and instructors.,"1,338 followers",23 employees,"Starweaver functions as a technology-enabled educational content factory creating top quality training
and education for organizations: perfectly, each and every time. We provide educational analytics,

          sourcing, production, management, and distribution through a suite of products and service
...
see more

 ... see more","1yr ‚Ä¢ 

 1yr ‚Ä¢",25,4 comments,"2mo ‚Ä¢ Edited ‚Ä¢ 

 2mo ‚Ä¢ Edited ‚Ä¢",19,3 comments
320,https://linkedin.com/company/visual-deck,Visual Deck,Customized Animated Videos On-Demand,36 followers,3 employees,,N/A,N/A,N/A,N/A,N/A,N/A
2340,https://linkedin.com/company/oddinstitute,The Odd Institute,iOS / Android apps & games training,48 followers,,"The Odd Institute | How to Make an App strives on delivering the best of learning in three distinct new
media disciplines:      iOS Mobile App Development     Android Mobile App Development     Cross

          Platform Mobile Games Development  Our goal at The Odd Institute is to simplify difficult co
...
see more

 ... see more","4mo ‚Ä¢ 

 4mo ‚Ä¢",,,"6mo ‚Ä¢ 

 6mo ‚Ä¢",3,
912,https://linkedin.com/company/gamedev-tv/,GameDev.tv,"Helping 700k+ people start their Game Dev journey. Learn to code video games in C#, C++, Unity, Blender, Unreal & more","4,430 followers",18 employees,"GameDev.tv an online game development school that is dedicated to teaching you how to code indie
video games via course instruction in C++, C#, Unreal, Unity, Blender.   Get 90% off your first course

          using code: LINKEDIN at https://www.GameDev.tv  Learn to make RPG's, inventory, characte
...
see more

 ... see more","1h ‚Ä¢ 

 1h ‚Ä¢",2,1 comment,"20h ‚Ä¢ 

 20h ‚Ä¢",,
1533,https://linkedin.com/company/coursovie/,Coursovie,Enabling the creators of tomorrow,691 followers,,,N/A,N/A,N/A,N/A,N/A,N/A
2034,https://linkedin.com/company/jpdocuservices,JPDocu Services Ltd,"Learning technical writing is easy - after all, it's just plain docu!",183 followers,1 employee,"JPDocu School of Technical Writing is a training company that is passionate about user assistance,
technical communications and making it positive user experience. Our e-learning courses help us shape

          the next generation of technical writers and information developers, by providing them with 
...
see more

 ... see more","4mo ‚Ä¢ Edited ‚Ä¢ 

 4mo ‚Ä¢ Edited ‚Ä¢",8,1 comment,JPDocu Services Ltd reposted this,49,10 comments
1457,https://linkedin.com/company/shortlisted-productions/,Shortlisted Productions,Educational programme on Climate Change Challenges and Solutions https://bit.ly/ClimateChangeTrainingCourses,376 followers,1 employee,"Shortlisted Productions is a video and online training courses production company based in London. 
Our mission is to support the growing needs of our clients for online educational content and social

          video marketing.  We have produced a number of training courses for corporate clients, and 
...
see more

 ... see more","1w ‚Ä¢ 

 1w ‚Ä¢",,,"1w ‚Ä¢ 

 1w ‚Ä¢",,
776,https://linkedin.com/company/macs-finance?report%2Esuccess=KJ_KkFGTDCfMt-A7wV3Fn9Yvgwr02Kd6AZHGx4bQCDiP6-2rfP2oxyVoEQiPrcAQ7,Macs Finance,,19 followers,1 employee,,N/A,N/A,N/A,N/A,N/A,N/A
1112,https://linkedin.com/company/35581772,Holistic3D,"Penny takes you through game design, programming, and art, using her holistic teaching approach.","1,405 followers",3 employees,"Holistic3D is an online Games Development education provider with over 25 years experience

          developing and delivering curriculum.
 ... see more","5d ‚Ä¢ 

 5d ‚Ä¢",1,,"6d ‚Ä¢ 

 6d ‚Ä¢",1,
1936,https://linkedin.com/company/i-do-data,I Do Data,IT training company providing accessible online education in data analysis software and Office productivity apps.,525 followers,2 employees,"I Do Data... and so can you!  I Do Data is committed to delivering accessible online training in data
analysis software and Microsoft Office applications across the world. We support a range of industries

          to prioritise and develop staff skills, and to apply business data for targeted strategic growth.
 ... see more","8h ‚Ä¢ 

 8h ‚Ä¢",1,,"1d ‚Ä¢ 

 1d ‚Ä¢",1,
1146,https://linkedin.com/company/uninetprof/,UNP - United Network of Professionals,Project-based effective learning platform!,"1,116 followers",23 employees,"We  are a team of working professionals from around the globe ,about 30 strong, coming from various
spheres of the Data Science Universe,each bringing in a unique set of skills which we have acquired

          through years of experience in almost every domain of Business.The Professionals in UNP ar
...
see more

 ... see more","4d ‚Ä¢ Edited ‚Ä¢ 

 4d ‚Ä¢ Edited ‚Ä¢",12,2 comments,"2h ‚Ä¢ 

 2h ‚Ä¢",5,
133,https://linkedin.com/company/3d-buzz-inc?trk=biz-companies-cym,3D BUZZ INC,,69 followers,2 employees,,N/A,N/A,N/A,N/A,N/A,N/A
2554,https://linkedin.com/company/techlightning,TechLightning,Learn Something New Today!,"6,348 followers",,"Knowledge, Well Presented Over 100+ Presentations, Videos from MuleSoft, SoftwareAG webMethods
and APIGEE.   Tech lightning is moderated by Arul ChristhuRaj Alphonse who is Senior Integration

          Architect. This Page has all the technical content recorded by Arul ChristhuRaj Alphonse.  Le
...
see more

 ... see more","4h ‚Ä¢ Edited ‚Ä¢ 

 4h ‚Ä¢ Edited ‚Ä¢",3,1 comment,"6d ‚Ä¢ 

 6d ‚Ä¢",3,
979,https://linkedin.com/company/itversity,"ITVersity, Inc.","making IT resourceful
(ùóóùóÆùòÅùóÆ ùóòùóªùó¥ùó∂ùóªùó≤ùó≤ùóøùó∂ùóªùó¥ ùóüùóîùóïùó¶)","8,698 followers",26 employees,"A free one stop shop to learn all tips and techniques about all technologies catering wide array of IT
professionals or aspirants. At this time focused on ùòøùôñùô©ùôñ ùôÄùô£ùôúùôûùô£ùôöùôöùôßùôûùô£ùôú.  Our Offering: * Training Services *

          Engineering Services * Managed Services * Staffing Services  Our Corporate Training Offeri
...
see more

 ... see more","3mo ‚Ä¢ 

 3mo ‚Ä¢",2,,"1d ‚Ä¢ 

 1d ‚Ä¢",2,
2014,https://linkedin.com/https://www.linkedin.com/company/excelr-solutions,N/A,N/A,N/A,N/A,N/A,N/A,N/A,N/A,N/A,N/A,N/A
1507,https://linkedin.com/company/65693408/,IA Expert Academy,Fa√ßa parte do time IA Expert e aprenda o que existe de melhor na intelig√™ncia artificial.,"4,019 followers",4 employees,"O portal IA Expert Academy tem o objetivo de trazer conte√∫do sobre Intelig√™ncia Artificial, ou seja:
artigos pr√°ticos e te√≥ricos, tutoriais em v√≠deo passo a passo e not√≠cias!   Al√©m disso, outro prop√≥sito do

          IA Expert Academy √© publicar material de f√°cil entendimento para que profissionais de todas
...
see more

 ... see more","1d ‚Ä¢ 

 1d ‚Ä¢",2,,"6d ‚Ä¢ 

 6d ‚Ä¢",4,
1198,https://linkedin.com/company/pixelhelmet,Pixel Helmet,"Together with the community, we will create the best gaming experience.",81 followers,1 employee,"Pixel Helmet is a video game developing and publishing company based in Dubai, United Arab Emirates.
The main focus is to create enjoyable games with high quality. We believe that this is best achieved

          through passion in everything we create. Pixel Helmet has released Farmtale, an adventurou
...
see more

 ... see more","4mo ‚Ä¢ 

 4mo ‚Ä¢",2,,"5mo ‚Ä¢ 

 5mo ‚Ä¢",1,
346,https://linkedin.com/company/corporate-finance-institute-cfi-,N/A,N/A,N/A,N/A,N/A,N/A,N/A,N/A,N/A,N/A,N/A
2405,https://linkedin.com/company/techschoolguru/,TECH SCHOOL,"Give everyone a chance to learn IT with free, high-quality tutorials and courses.",363 followers,3 employees,"At Tech School, we believe that everyone deserves a good and free education. We create high quality

          courses and tutorials in Information Technology. New videos are uploaded every week.
 ... see more","1w ‚Ä¢ 

 1w ‚Ä¢",4,,"2w ‚Ä¢ 

 2w ‚Ä¢",2,
1686,https://linkedin.com/company/three-millennials,Three Millennials,"At Three Millennials, We share a belief that Sharing Knowledge is the best way to Increase Knowledge.",24 followers,3 employees,,N/A,N/A,N/A,N/A,N/A,N/A
1381,https://linkedin.com/company/indiantechwarrior,Indian Tech Warrior,Best Tech Articles on Machine Learning & Computer Vision,15 followers,,,N/A,N/A,N/A,N/A,N/A,N/A
740,https://linkedin.com/https://www.linkedin.com/company/i3zif-com,N/A,N/A,N/A,N/A,N/A,N/A,N/A,N/A,N/A,N/A,N/A
37,https://linkedin.com/company/albertacademie,Albert Acad√©mie,Les meilleurs experts.,301 followers,11 employees,"D√©couvrez la puissance de la formation en e-learning avec Albert Acad√©mie.  Laissez-vous emporter par
une exp√©rience d'apprentissage o√π les meilleurs experts sont √† port√©e de main, √† tout moment.  Chez

          Albert Acad√©mie, nous croyons que la cl√© du succ√®s r√©side dans votre mont√©e en comp√©ten
...
see more

 ... see more",N/A,N/A,N/A,N/A,N/A,N/A
2644,https://linkedin.com/company/3991875/admin/,A2IT Online,Design Your Success,"2,021 followers",63 employees,"A2IT Online is one of the most reputed Groups of Technical Education & Software Development in
Chandigarh INDIA.  We are a software development company with strong skills in:  - Web development  -

          Mobile development (iOS and Android)  - Desktop applications development (Windows and 
...
see more

 ... see more","1mo ‚Ä¢ 

 1mo ‚Ä¢",4,,"5mo ‚Ä¢ 

 5mo ‚Ä¢",4,1 comment
353,https://linkedin.com/https://www.linkedin.com/company/cleartaxindia,N/A,N/A,N/A,N/A,N/A,N/A,N/A,N/A,N/A,N/A,N/A
1551,https://linkedin.com/company/evlabs,Escape Velocity Labs,"Hands-on, comprehensive, data science courses",140 followers,1 employee,"          Hands-on, comprehensive, data science courses.
 ... see more","5mo ‚Ä¢ 

 5mo ‚Ä¢",4,2 comments,"1mo ‚Ä¢ 

 1mo ‚Ä¢",3,
1406,https://linkedin.com/https://in.linkedin.com/company/vlsi-system-design,N/A,N/A,N/A,N/A,N/A,N/A,N/A,N/A,N/A,N/A,N/A
922,https://linkedin.com/company/maven-analytics,Maven Analytics,Empowering everyday people to change the world with data,"135,411 followers",52 employees,"Maven Analytics is the first purpose-built, online platform for data analysts to learn new skills, showcase
their work, and connect with peers and employers.  Named one of the top 10 education companies

          revolutionizing the industry, Maven's award-winning Guided Learning model allows users to 
...
see more

 ... see more","2h ‚Ä¢ 

 2h ‚Ä¢",6,,"6h ‚Ä¢ 

 6h ‚Ä¢",16,2 comments
1765,https://linkedin.com/company/e-smartdata/,e-smartdata.org,Smart people create smart world!,298 followers,3 employees,"Kursy na platformie Udemy | Python | SQL | Uczenie Maszynowe | Uczenie G≈Çƒôbokie | Data Science | AI |

          Cloud Technologies | Big Data
 ... see more","1w ‚Ä¢ 

 1w ‚Ä¢",2,,"3h ‚Ä¢ 

 3h ‚Ä¢",,
381,https://linkedin.com/company/quant-trading,QUANT TRADING,We teach about trading and investments.,538 followers,12 employees,"Quant-Trading is an educational website focused on quantitative finance. Our expertise are derivatives
and algorithmic trading.   Take a look at our courses:   Algo Trading ->

          https://www.udemy.com/course/basic-algorithmic-trading/?referralCode=55572040548179
...
see more

 ... see more","19h ‚Ä¢ 

 19h ‚Ä¢",,1 comment,"1w ‚Ä¢ 

 1w ‚Ä¢",4,1 comment
1108,https://linkedin.com//company/data-is-good,Dataisgood,Your Dream Our Passion,"30,785 followers",161 employees,"Dataisgood is a bootstrapped, ""indie"" tech education company. It‚Äôs our vision to Unlock human potential
by transforming education and make it accessible and affordable to all.  We are fiercely independent and

          proud with a sole focus to make the world-class tech education a level playing field for anyo
...
see more

 ... see more","5h ‚Ä¢ 

 5h ‚Ä¢",2,1 comment,"11h ‚Ä¢ 

 11h ‚Ä¢",2,
1039,https://linkedin.com/company/tutorialseu,TutorialsEU,TUTORIALS.EU is an online learning academy providing online courses to all students/professionals/ employees,"1,860 followers",5 employees,"We offer a range of courses in programming and can offer blended learning opportunities to best meet

          your needs. Learn anytime & learn anywhere with our courses tailored for the engineers of tomorrow.
 ... see more","1mo ‚Ä¢ 

 1mo ‚Ä¢",2,,"4mo ‚Ä¢ Edited ‚Ä¢ 

 4mo ‚Ä¢ Edited ‚Ä¢",18,2 comments
1383,https://linkedin.com/company/enterprisednaofficial/,Enterprise DNA,Unlock Your Potential With Real-World Data Skills Training,"25,108 followers",28 employees,"At Enterprise DNA, we're committed to providing top-notch data + AI skills training that's customized to
your needs. Our expert team will help you learn faster and collaborate more effectively through

          personalized training pathways and interactive tools.  Over the past 7 years, we have equipp
...
see more

 ... see more","1w ‚Ä¢ 

 1w ‚Ä¢",2,,,,
985,https://linkedin.com/company/it-up-we-ramp-you-up/,ITUp - We Ramp You Up,The #1 OutSystems Global Training Partner,"3,592 followers",36 employees,"ITUp is the leader in training specialized in the OutSystems Platform, delivering academies with a focus
on reskilling and upskilling. Having certified over four thousand OutSystems Professionals worldwide

          since 2015, ITUp is the #1 OutSystems Global Training Partner. The unique know-how and re
...
see more

 ... see more",ITUp - We Ramp You Up reposted this,19,,"1w ‚Ä¢ 

 1w ‚Ä¢",4,1 comment
1493,https://linkedin.com/company/sfdcfacts,SFDCFacts Academy,The ultimate resource to learn Salesforce and prepare for coding interviews.,"1,693 followers",3 employees,,N/A,N/A,N/A,N/A,N/A,N/A
174,https://linkedin.com/company/3707654?trk=ppro_cprof,N/A,N/A,N/A,N/A,N/A,N/A,N/A,N/A,N/A,N/A,N/A
1489,https://linkedin.com/company/releaseworks,Releaseworks,We supercharge DevOps.,"1,121 followers",12 employees,"Releaseworks is the trusted DevOps and cloud engineering partner for the world‚Äôs leading software

          engineering teams. Our expertise is accelerating modern cloud-native software delivery.
 ... see more","1d ‚Ä¢ 

 1d ‚Ä¢",1,,"2d ‚Ä¢ 

 2d ‚Ä¢",3,
2027,https://linkedin.com/company/selfcodeacademy,Selfcode Academy,Transforming Students into Coding Rockstars: Join the Ultimate LinkedIn Learning Experience!,709 followers,4 employees,"Empowering students to unleash their coding potential and become job-ready. We provide a
comprehensive learning path for coding enthusiasts and assist them in various ways to ensure their

          success. Join us to explore, learn and unlock your coding future!
 ... see more","4mo ‚Ä¢ 

 4mo ‚Ä¢",1,1 comment,"5mo ‚Ä¢ 

 5mo ‚Ä¢",2,
635,https://linkedin.com/company/studyeasyorg,StudyEasyOrg,,93 followers,2 employees,,N/A,N/A,N/A,N/A,N/A,N/A
19,https://linkedin.com/company/tbae-team-building-and-events,TBAE Team Building and Events,TBAE is an events and team building company offering our services virtually and in  South Africa USA and the UK.,"1,122 followers",3 employees,"TBAE is a completely mobile team building facilitation company and we offer events, experiences,
activations and team building in South Africa (Johannesburg, Cape Town, Pretoria and Durban) USA and

          the UK. We are able to facilitate our mobile team building themes at any suitable venue (prov
...
see more

 ... see more",N/A,N/A,N/A,N/A,N/A,N/A
493,https://linkedin.com/company/zenva/,Zenva,Helping over 1 million learners succeed in their coding careers and hobbies,"1,472 followers",10 employees,"Trusted by over 1 million learners and developers, Zenva provides world-class training in programming
and computer science. Our mission is to help people succeed in their coding careers and hobbies.  

          Featuring 250+ courses and guided curriculums, with Zenva you‚Äôll quickly be publishing you
...
see more

 ... see more","8h ‚Ä¢ 

 8h ‚Ä¢",,,"19h ‚Ä¢ 

 19h ‚Ä¢",1,
2206,https://linkedin.com/company/edoreal-learning-solutions-pvt-ltd,Edoreal,The Learning Community,127 followers,3 employees,,N/A,N/A,N/A,N/A,N/A,N/A
1527,https://linkedin.com/company/h2kinfosys,H2Kinfosys,"Skill Development university, Learn new tech every day at H2k Infosys World class marketplace for IT Trainers, Students.","1,212 followers",80 employees,"H2Kinfosys was founded in 2007 based in Johns Creek, GA with worldwide branches. Today, H2Kinfosys
is a global leader in the Software Courses Training (Online & Onsite) and IT Services.  H2Kinfosys ranked

          among the most innovative training providers by people reviews, leading software testing co
...
see more

 ... see more","5h ‚Ä¢ 

 5h ‚Ä¢",,,"5h ‚Ä¢ 

 5h ‚Ä¢",,
230,https://linkedin.com/company/yesimadesigner/,Yes I'm a Designer,"Our mission is to educate, inspire and help others to become professional and successful designers.","1,498 followers",11 employees,,N/A,N/A,N/A,N/A,N/A,N/A
1226,https://linkedin.com/company/rahsoft,Rahsoft,,935 followers,5 employees,"WHO WE ARE  Rahsoft is an Irvine, California based company, working in the field of video product
development and providing e-learning platform to the students around the globe.Rahsoft has the best

          team having expertise in the different fields of technology. RAHSOFT RADIO FREQUENCY  R
...
see more

 ... see more","1mo ‚Ä¢ 

 1mo ‚Ä¢",70,4 comments,"1mo ‚Ä¢ 

 1mo ‚Ä¢",21,
2506,https://linkedin.com/company/dare-devops,Dare DevOps,Learn Practical DevOps Engineering,23 followers,1 employee,"          We teach Practical DevOps!
 ... see more",N/A,N/A,N/A,N/A,N/A,N/A
254,https://linkedin.com/company/painless-financial-training-group-inc-,Painless Financial Training Group Inc.,"Understand Financial Stuff, Painlessly.",49 followers,2 employees,"We provide easy to understand financial information.   We assist business owners, managers and

          everyone in-between in their quest for financial prosperity.
 ... see more","10mo ‚Ä¢ 

 10mo ‚Ä¢",,,"2mo ‚Ä¢ 

 2mo ‚Ä¢",2,1 comment
2395,https://linkedin.com/company/sdetunicorns,SDET Unicorns,"Empowering SDETs for Success: Master In-Demand Skills, Stay Current & Thrive in the Tech World!",532 followers,1 employee,"At SDET-U Academy, our goal is to help students become successful SDET by teaching them the
important skills they need in today's fast-paced tech world. We offer easy-to-understand, practical

          training that covers all areas of software testing, including web and mobile apps, and both fr
...
see more

 ... see more","3mo ‚Ä¢ 

 3mo ‚Ä¢",1,2 comments,"1h ‚Ä¢ 

 1h ‚Ä¢",,
1450,https://linkedin.com/company/blockchaininstituteoftechnology,Blockchain Institute of Technology,Gain the Knowledge. Set Your Path. Change the World.,"3,166 followers",6 employees,"Blockchain Institute of Technology (BIT) is the world standard for blockchain education and
certification.‚Ñ¢  We partner with companies and individuals to address their unique needs, providing

          training and certification options that help professionals reach their goals.  BIT‚Äôs Blockchain 
...
see more

 ... see more","3h ‚Ä¢ 

 3h ‚Ä¢",,,"1d ‚Ä¢ 

 1d ‚Ä¢",1,
1704,https://linkedin.com/company/three-millennials,Three Millennials,"At Three Millennials, We share a belief that Sharing Knowledge is the best way to Increase Knowledge.",24 followers,3 employees,,N/A,N/A,N/A,N/A,N/A,N/A
861,https://linkedin.com/company/artistworks-inc-,ArtistWorks.com,Learn From Master Musicians,950 followers,17 employees,"Founded in 2008 by former AOL executive David Butler and former financial executive Patricia Butler,
ArtistWorks, Inc. is the leader in a new generation of online learning platforms. Their revolutionary global

          learning community of world-renowned teaching artists and enthusiastic amateurs is dedica
...
see more

 ... see more",N/A,N/A,N/A,N/A,N/A,N/A
1509,https://linkedin.com/company/ai-sciences/about/?viewAsMember=true,AI Sciences,"Follow for daily #AI related posts!

Visit #AISciences website for #AI #datascience and #machinelearning courses!","1,885 followers",4 employees,,N/A,N/A,N/A,N/A,N/A,N/A
971,https://linkedin.com/company/simplacademy,SIMPL Academy,Learn the SIMPL way,11 followers,,"          We strive to make learning and education simple.
 ... see more","1mo ‚Ä¢ 

 1mo ‚Ä¢",,,"7mo ‚Ä¢ 

 7mo ‚Ä¢",,
1366,https://linkedin.com/company/codewarriors,Code Warriors,"The best place to learn, code and conquer - Once you have it you love it.","17,898 followers",14 employees,"With a mission to improve lives through learningüßëüèª‚Äçüéì, connecting people and ideasüß†, and to create
skilled software engineers for our country and the worldüßëüèª‚Äçüíª, *Code Warriors* aims to connect learners

          from all over the globeüåè with high-quality educators.  We believe learning should be an enj
...
see more

 ... see more","1yr ‚Ä¢ 

 1yr ‚Ä¢",14,6 comments,"1yr ‚Ä¢ Edited ‚Ä¢ 

 1yr ‚Ä¢ Edited ‚Ä¢",17,4 comments
1439,https://linkedin.com/company/edyoda/,EdYoda (zekeLabs Technologies Pvt. Ltd.),"Career platform with Unlimited live Learning, Unlimited courses & Unlimited jobs. 

Most effective & affordable","26,364 followers",134 employees,"The best career platform - Unlimited Live Learning, Courses & Jobs  EdYoda is re-imagining education
by educating on job-relevant skills, and connecting EdYoda graduates to job opportunities through

          employer partnerships.  With a user base of over 1M+ learning across the platform and empl
...
see more

 ... see more","3h ‚Ä¢ 

 3h ‚Ä¢",,,"10h ‚Ä¢ 

 10h ‚Ä¢",8,
403,https://linkedin.com/company/sonar-systems?trk=tyah&trkInfo=clickedVertical%3Acompany%2CclickedEntityId%3A9198245%2Cidx%3A2-5-12%2CtarId%3A1450710834,Sonar Systems,,131 followers,3 employees,,N/A,N/A,N/A,N/A,N/A,N/A
355,https://linkedin.com/http://www.linkedin.com/company/mindmekka,N/A,N/A,N/A,N/A,N/A,N/A,N/A,N/A,N/A,N/A,N/A
11,https://linkedin.com//company/simon-sez-it,Simon Sez IT,Software training made simple,671 followers,11 employees,"Simon Sez IT makes business and technical software simple to learn. Our most important goal is to help
learners build and strengthen their software skills. We focus on simplicity but explain things in the detail

          they deserve.   Simon Sez IT subject matter experts bring passion, knowledge, and practical 
...
see more

 ... see more","3h ‚Ä¢ 

 3h ‚Ä¢",,,"2w ‚Ä¢ 

 2w ‚Ä¢",,
45,https://linkedin.com/company/stone-river-elearning,Stone River eLearning,Catalog of 700+ online training courses.,"1,621 followers",6 employees,,N/A,N/A,N/A,N/A,N/A,N/A
897,https://linkedin.com/company/22299481/,Sundog Education,"Making highly valuable career skills in big data, data science, and machine learning accessible to everyone worldwide.","5,141 followers",2 employees,"Sundog Education offers online courses in big data, data science, machine learning, and artificial
intelligence to over 100,000 students. Our mission is to bring highly valuable technical skills to students

          at prices anyone in the world can afford.
 ... see more","6mo ‚Ä¢ 

 6mo ‚Ä¢",5,,"23h ‚Ä¢ 

 23h ‚Ä¢",,
142,https://linkedin.com/company/youaccel/,YouAccel,Mission: To facilitate a comprehensive learning environment for students and connect skilled job seekers with employers.,"1,158 followers",2 employees,,N/A,N/A,N/A,N/A,N/A,N/A